path,category,pattern,size,archived_to,timestamp
bitten-ui/node_modules/next/dist/esm/client/legacy,directory,LEGACY,93850,archive_v1/bitten-ui/node_modules/next/dist/esm/client/legacy,2025-10-08T22:12:14.421930
bitten-ui/node_modules/next/dist/client/legacy,directory,LEGACY,97145,archive_v1/bitten-ui/node_modules/next/dist/client/legacy,2025-10-08T22:12:14.422126
LOCKED_ARCHIVE_20250914_FINAL/previous_archives/ARCHIVE_AUG28_CLEANUP/backup_files/archive_broken_trackers,directory,ARCHIVE,6688,archive_v1/LOCKED_ARCHIVE_20250914_FINAL/previous_archives/ARCHIVE_AUG28_CLEANUP/backup_files/archive_broken_trackers,2025-10-08T22:12:14.422349
LOCKED_ARCHIVE_20250914_FINAL/previous_archives/ARCHIVE_AUG28_CLEANUP/backup_files/BACKUP_BEFORE_REFACTOR,directory,BACKUP,427631,archive_v1/LOCKED_ARCHIVE_20250914_FINAL/previous_archives/ARCHIVE_AUG28_CLEANUP/backup_files/BACKUP_BEFORE_REFACTOR,2025-10-08T22:12:14.422446
bitten-ui/node_modules/next/legacy,directory,LEGACY,169,archive_v1/bitten-ui/node_modules/next/legacy,2025-10-08T22:12:14.422534
LOCKED_ARCHIVE_20250914_FINAL/previous_archives/ARCHIVE_AUG28_CLEANUP/venom_old_system,directory,_old,159987,archive_v1/LOCKED_ARCHIVE_20250914_FINAL/previous_archives/ARCHIVE_AUG28_CLEANUP/venom_old_system,2025-10-08T22:12:14.422615
LOCKED_ARCHIVE_20250914_FINAL/previous_archives/ARCHIVE_AUG28_CLEANUP/backup_files,directory,BACKUP,6235912,archive_v1/LOCKED_ARCHIVE_20250914_FINAL/previous_archives/ARCHIVE_AUG28_CLEANUP/backup_files,2025-10-08T22:12:14.422721
LOCKED_ARCHIVE_20250914_FINAL/previous_archives/ARCHIVE_AUG28_CLEANUP/old_reports,directory,OLD,97093,archive_v1/LOCKED_ARCHIVE_20250914_FINAL/previous_archives/ARCHIVE_AUG28_CLEANUP/old_reports,2025-10-08T22:12:14.422825
LOCKED_ARCHIVE_20250914_FINAL/previous_archives/ARCHIVE_AUG28_CLEANUP,directory,ARCHIVE,6659663,archive_v1/LOCKED_ARCHIVE_20250914_FINAL/previous_archives/ARCHIVE_AUG28_CLEANUP,2025-10-08T22:12:14.422926
LOCKED_ARCHIVE_20250914_FINAL/previous_archives/archive_tracking_20250825,directory,ARCHIVE,474355,archive_v1/LOCKED_ARCHIVE_20250914_FINAL/previous_archives/archive_tracking_20250825,2025-10-08T22:12:14.423003
LOCKED_ARCHIVE_20250914_FINAL/previous_archives/PURGE_BACKUP_20250908_160615,directory,_backup,0,archive_v1/LOCKED_ARCHIVE_20250914_FINAL/previous_archives/PURGE_BACKUP_20250908_160615,2025-10-08T22:12:14.423078
LOCKED_ARCHIVE_20250914_FINAL/previous_archives/ARCHIVE_2025_08_13,directory,ARCHIVE,3767803,archive_v1/LOCKED_ARCHIVE_20250914_FINAL/previous_archives/ARCHIVE_2025_08_13,2025-10-08T22:12:14.423149
LOCKED_ARCHIVE_20250914_FINAL/previous_archives/ARCHIVE_REDUNDANT,directory,ARCHIVE,411492,archive_v1/LOCKED_ARCHIVE_20250914_FINAL/previous_archives/ARCHIVE_REDUNDANT,2025-10-08T22:12:14.423221
LOCKED_ARCHIVE_20250914_FINAL/previous_archives/BACKUP_20250911_BEFORE_OPTIMIZATIONS,directory,BACKUP,295630,archive_v1/LOCKED_ARCHIVE_20250914_FINAL/previous_archives/BACKUP_20250911_BEFORE_OPTIMIZATIONS,2025-10-08T22:12:14.423298
LOCKED_ARCHIVE_20250914_FINAL/previous_archives/ARCHIVED_MISSIONS,directory,ARCHIVE,599583,archive_v1/LOCKED_ARCHIVE_20250914_FINAL/previous_archives/ARCHIVED_MISSIONS,2025-10-08T22:12:14.423372
DELETED_FILES,directory,DELETED,11693,archive_v1/DELETED_FILES,2025-10-08T22:12:14.423457
EA_ARCHIVE_OBSOLETE,directory,_archive,0,archive_v1/EA_ARCHIVE_OBSOLETE,2025-10-08T22:12:14.423532
test_archives,directory,_archive,53631,archive_v1/test_archives,2025-10-08T22:12:14.423609
EA_ARCHIVE_DEPRECATED_20250919,directory,_archive,0,archive_v1/EA_ARCHIVE_DEPRECATED_20250919,2025-10-08T22:12:14.423683
DEPRECATED_TRACKING_SYSTEMS,directory,DEPRECATED,4736050,archive_v1/DEPRECATED_TRACKING_SYSTEMS,2025-10-08T22:12:14.423757
config_v1_backup_20251008,directory,_v[0-9]+,171678,archive_v1/config_v1_backup_20251008,2025-10-08T22:12:14.423836
event_bus_archives,directory,_archive,2030,archive_v1/event_bus_archives,2025-10-08T22:12:14.423917
EA_ARCHIVE,directory,_archive,0,archive_v1/EA_ARCHIVE,2025-10-08T22:12:14.423992
LOCKED_ARCHIVE_20250914_FINAL,directory,_archive,13427773,archive_v1/LOCKED_ARCHIVE_20250914_FINAL,2025-10-08T22:12:14.424080
tracking_backup_20251008,directory,_backup,371672,archive_v1/tracking_backup_20251008,2025-10-08T22:12:14.424154
archive,directory,ARCHIVE,1329358563,archive_v1/archive,2025-10-08T22:12:14.424224
backups,directory,BACKUP,1049910897,archive_v1/backups,2025-10-08T22:12:14.424295
BROKEN_TRACKERS_ARCHIVE_20251003,directory,_archive,345610,archive_v1/BROKEN_TRACKERS_ARCHIVE_20251003,2025-10-08T22:12:14.424368
data/apex_v5,directory,_v[0-9]+,760,archive_v1/data/apex_v5,2025-10-08T22:12:14.424513
logs/apex_v5,directory,_v[0-9]+,568,archive_v1/logs/apex_v5,2025-10-08T22:12:14.424652
temp/apex_v5,directory,_v[0-9]+,0,archive_v1/temp/apex_v5,2025-10-08T22:12:14.424791
EA_v2.07H_LAW_DOCUMENTATION.md,file,_v[0-9]+,35244,archive_v1/EA_v2.07H_LAW_DOCUMENTATION.md,2025-10-08T22:12:14.424958
elite_guard_with_citadel.py.backup_before_blind_spot,file,BACKUP,256457,archive_v1/elite_guard_with_citadel.py.backup_before_blind_spot,2025-10-08T22:12:14.425031
REAL_signal_tracker.py.backup_20250910_212737,file,BACKUP,17011,archive_v1/REAL_signal_tracker.py.backup_20250910_212737,2025-10-08T22:12:14.425113
SCHEMA_V1_FROZEN.md,file,_v[0-9]+,1834,archive_v1/SCHEMA_V1_FROZEN.md,2025-10-08T22:12:14.425183
coordinate_v207_processes.py,file,_v[0-9]+,11066,archive_v1/coordinate_v207_processes.py,2025-10-08T22:12:14.425249
APEX_FX_v5.0_REBUILD_BLUEPRINT.md,file,_v[0-9]+,13492,archive_v1/APEX_FX_v5.0_REBUILD_BLUEPRINT.md,2025-10-08T22:12:14.425313
AAA_V3_PRODUCTION_CONFIG.md,file,_v[0-9]+,2512,archive_v1/AAA_V3_PRODUCTION_CONFIG.md,2025-10-08T22:12:14.425378
ea_v207_diagnostic.md,file,_v[0-9]+,4442,archive_v1/ea_v207_diagnostic.md,2025-10-08T22:12:14.425438
candle_cache.json.corrupted_backup,file,_backup,2383155,archive_v1/candle_cache.json.corrupted_backup,2025-10-08T22:12:14.425745
BASELINE_METRICS_v1.md,file,_v[0-9]+,14503,archive_v1/BASELINE_METRICS_v1.md,2025-10-08T22:12:14.425859
APEX_FX_v5.0_FINAL_BLUEPRINT.md,file,_v[0-9]+,27800,archive_v1/APEX_FX_v5.0_FINAL_BLUEPRINT.md,2025-10-08T22:12:14.426066
EA_v5_1_PRODUCTION_DOCUMENTATION.md,file,_v[0-9]+,7912,archive_v1/EA_v5_1_PRODUCTION_DOCUMENTATION.md,2025-10-08T22:12:14.426171
AAA_V3_TARGETED_SUMMARY.md,file,_v[0-9]+,2522,archive_v1/AAA_V3_TARGETED_SUMMARY.md,2025-10-08T22:12:14.426256
requirements_v2.txt,file,_v[0-9]+,778,archive_v1/requirements_v2.txt,2025-10-08T22:12:14.426322
VERSION_6.4_LOCKED.md,file,LOCKED,1772,archive_v1/VERSION_6.4_LOCKED.md,2025-10-08T22:12:14.426391
AAA_V2_PAIR_STRATEGY.md,file,_v[0-9]+,2632,archive_v1/AAA_V2_PAIR_STRATEGY.md,2025-10-08T22:12:14.426455
AAA_V2_SUMMARY.md,file,_v[0-9]+,2475,archive_v1/AAA_V2_SUMMARY.md,2025-10-08T22:12:14.426524
ENGINE_ENGINEER_V2_DEPLOYMENT_REPORT.md,file,_v[0-9]+,9350,archive_v1/ENGINE_ENGINEER_V2_DEPLOYMENT_REPORT.md,2025-10-08T22:12:14.426592
confirm_listener_v207.py,file,_v[0-9]+,18480,archive_v1/confirm_listener_v207.py,2025-10-08T22:12:14.426659
notebook_v2.db,file,_v[0-9]+,32768,archive_v1/notebook_v2.db,2025-10-08T22:12:14.426723
elite_guard_with_citadel.py.broken_backup,file,_backup,282939,archive_v1/elite_guard_with_citadel.py.broken_backup,2025-10-08T22:12:14.426794
pattern_optimizer_v2.py,file,_v[0-9]+,16672,archive_v1/pattern_optimizer_v2.py,2025-10-08T22:12:14.426857
ZMQ_V3002_READY.md,file,_v[0-9]+,3473,archive_v1/ZMQ_V3002_READY.md,2025-10-08T22:12:14.426919
truth_log.jsonl.BROKEN_20250829_044217,file,BROKEN,1013379,archive_v1/truth_log.jsonl.BROKEN_20250829_044217,2025-10-08T22:12:14.426982
webapp_restart_75_threshold.log,file,OLD,26611,archive_v1/webapp_restart_75_threshold.log,2025-10-08T22:12:14.427041
requirements_backup_20251007_035009.txt,file,_backup,5283,archive_v1/requirements_backup_20251007_035009.txt,2025-10-08T22:12:14.427102
LOCKED_ARCHIVE_20250914_FINAL.tar.gz,file,_archive,2723292,archive_v1/LOCKED_ARCHIVE_20250914_FINAL.tar.gz,2025-10-08T22:12:14.427174
APEX_V5_BITTEN_INTEGRATION_STATUS.md,file,_v[0-9]+,6941,archive_v1/APEX_V5_BITTEN_INTEGRATION_STATUS.md,2025-10-08T22:12:14.427239
AAA_V3_CALIBRATED_CONFIG.md,file,_v[0-9]+,2361,archive_v1/AAA_V3_CALIBRATED_CONFIG.md,2025-10-08T22:12:14.427301
EA_V3003_DEALER_ISSUE.md,file,_v[0-9]+,3286,archive_v1/EA_V3003_DEALER_ISSUE.md,2025-10-08T22:12:14.427365
pattern_performance.json.BROKEN,file,BROKEN,2329,archive_v1/pattern_performance.json.BROKEN,2025-10-08T22:12:14.427427
pattern_optimizer_v2.log,file,_v[0-9]+,1443,archive_v1/pattern_optimizer_v2.log,2025-10-08T22:12:14.427489
elite_guard_with_citadel.py.backup_20250920_204208,file,BACKUP,256457,archive_v1/elite_guard_with_citadel.py.backup_20250920_204208,2025-10-08T22:12:14.427553
AAA_V3_MATHEMATICAL_SUMMARY.md,file,_v[0-9]+,3495,archive_v1/AAA_V3_MATHEMATICAL_SUMMARY.md,2025-10-08T22:12:14.427617
war_room_ultimate_v2.py,file,_v[0-9]+,33106,archive_v1/war_room_ultimate_v2.py,2025-10-08T22:12:14.427681
elite_guard_with_citadel.py.backup_20250910_121715,file,BACKUP,253299,archive_v1/elite_guard_with_citadel.py.backup_20250910_121715,2025-10-08T22:12:14.427748
CLAUDE_ARCHIVE_2025_07_11.md,file,_archive,154428,archive_v1/CLAUDE_ARCHIVE_2025_07_11.md,2025-10-08T22:12:14.427812
normans_notebook_v2.py,file,_v[0-9]+,32003,archive_v1/normans_notebook_v2.py,2025-10-08T22:12:14.427872
ARCHIVED_SYSTEMS_WARNING.md,file,ARCHIVE,1766,archive_v1/ARCHIVED_SYSTEMS_WARNING.md,2025-10-08T22:12:14.427936
ea_v207_signal_engine.py,file,_v[0-9]+,24157,archive_v1/ea_v207_signal_engine.py,2025-10-08T22:12:14.428009
EA_V3004_STATUS.md,file,_v[0-9]+,2755,archive_v1/EA_V3004_STATUS.md,2025-10-08T22:12:14.428070
EA_V3003_STATUS.md,file,_v[0-9]+,2685,archive_v1/EA_V3003_STATUS.md,2025-10-08T22:12:14.428139
manual_smoke_report.json,file,_smoke_,605,archive_v1/manual_smoke_report.json,2025-10-08T22:12:14.428205
archive_obsolete_trackers.sh,file,ARCHIVE,1909,archive_v1/archive_obsolete_trackers.sh,2025-10-08T22:12:14.428280
EA_V3_005_SERVER_INTEGRATION_BLUEPRINT.md,file,_v[0-9]+,4756,archive_v1/EA_V3_005_SERVER_INTEGRATION_BLUEPRINT.md,2025-10-08T22:12:14.428346
ARCHITECTURE_STABLE_v2.md,file,_v[0-9]+,22108,archive_v1/ARCHITECTURE_STABLE_v2.md,2025-10-08T22:12:14.428447
EA_v2.07H_README.md,file,_v[0-9]+,18023,archive_v1/EA_v2.07H_README.md,2025-10-08T22:12:14.428527
EA_v2.082_BLUEPRINT.md,file,_v[0-9]+,6818,archive_v1/EA_v2.082_BLUEPRINT.md,2025-10-08T22:12:14.428588
AAA_V3_MATHEMATICAL_TEST_SUMMARY.md,file,_v[0-9]+,8186,archive_v1/AAA_V3_MATHEMATICAL_TEST_SUMMARY.md,2025-10-08T22:12:14.428655
webapp_v207_positions.py,file,_v[0-9]+,12490,archive_v1/webapp_v207_positions.py,2025-10-08T22:12:14.428719
EA_v2.082_SCHEMAS.json,file,_v[0-9]+,8274,archive_v1/EA_v2.082_SCHEMAS.json,2025-10-08T22:12:14.428786
grokkeeper_unified.py.backup_20250910_121621,file,BACKUP,15045,archive_v1/grokkeeper_unified.py.backup_20250910_121621,2025-10-08T22:12:14.428855
comprehensive_tracking.jsonl.backup_20250910_222438,file,BACKUP,290152,archive_v1/comprehensive_tracking.jsonl.backup_20250910_222438,2025-10-08T22:12:14.428931
rollback_to_v1.sh,file,_v[0-9]+,18102,archive_v1/rollback_to_v1.sh,2025-10-08T22:12:14.429261
AAA_v2_ENGINE_ANALYSIS_REPORT.md,file,_v[0-9]+,7353,archive_v1/AAA_v2_ENGINE_ANALYSIS_REPORT.md,2025-10-08T22:12:14.429334
start_v207_processes.sh,file,_v[0-9]+,1526,archive_v1/start_v207_processes.sh,2025-10-08T22:12:14.429406
.env.master.backup,file,BACKUP,1001,archive_v1/.env.master.backup,2025-10-08T22:12:14.429475
BITTEN_MISSION_DEPLOY_v1.zip,file,_v[0-9]+,4401,archive_v1/BITTEN_MISSION_DEPLOY_v1.zip,2025-10-08T22:12:14.429539
missions/TEST_DEBUG_SL_TP.json,file,_debug_,1512,archive_v1/missions/TEST_DEBUG_SL_TP.json,2025-10-08T22:12:14.429653
bitten-ui/node_modules/async-function/legacy.js,file,LEGACY,380,archive_v1/bitten-ui/node_modules/async-function/legacy.js,2025-10-08T22:12:14.429764
bitten-ui/node_modules/eslint-plugin-jsx-a11y/lib/configs/legacy-config-base.js,file,LEGACY,101,archive_v1/bitten-ui/node_modules/eslint-plugin-jsx-a11y/lib/configs/legacy-config-base.js,2025-10-08T22:12:14.429930
bitten-ui/node_modules/eslint/lib/eslint/legacy-eslint.js,file,LEGACY,25681,archive_v1/bitten-ui/node_modules/eslint/lib/eslint/legacy-eslint.js,2025-10-08T22:12:14.430127
bitten-ui/node_modules/eslint/lib/rules/indent-legacy.js,file,LEGACY,35714,archive_v1/bitten-ui/node_modules/eslint/lib/rules/indent-legacy.js,2025-10-08T22:12:14.430238
bitten-ui/node_modules/typescript/lib/lib.decorators.legacy.d.ts,file,LEGACY,1326,archive_v1/bitten-ui/node_modules/typescript/lib/lib.decorators.legacy.d.ts,2025-10-08T22:12:14.430377
bitten-ui/node_modules/lucide-react/dist/esm/icons/archive-restore.js.map,file,ARCHIVE,3435,archive_v1/bitten-ui/node_modules/lucide-react/dist/esm/icons/archive-restore.js.map,2025-10-08T22:12:14.430606
bitten-ui/node_modules/lucide-react/dist/esm/icons/folder-symlink.js,file,OLD,671,archive_v1/bitten-ui/node_modules/lucide-react/dist/esm/icons/folder-symlink.js,2025-10-08T22:12:14.430710
bitten-ui/node_modules/lucide-react/dist/esm/icons/folder-lock.js,file,OLD,721,archive_v1/bitten-ui/node_modules/lucide-react/dist/esm/icons/folder-lock.js,2025-10-08T22:12:14.430784
bitten-ui/node_modules/lucide-react/dist/esm/icons/folder-pen.js,file,OLD,765,archive_v1/bitten-ui/node_modules/lucide-react/dist/esm/icons/folder-pen.js,2025-10-08T22:12:14.430854
bitten-ui/node_modules/lucide-react/dist/esm/icons/folder-input.js.map,file,OLD,3312,archive_v1/bitten-ui/node_modules/lucide-react/dist/esm/icons/folder-input.js.map,2025-10-08T22:12:14.430929
bitten-ui/node_modules/lucide-react/dist/esm/icons/folder-code.js,file,OLD,703,archive_v1/bitten-ui/node_modules/lucide-react/dist/esm/icons/folder-code.js,2025-10-08T22:12:14.430997
bitten-ui/node_modules/lucide-react/dist/esm/icons/folder-git.js.map,file,OLD,3567,archive_v1/bitten-ui/node_modules/lucide-react/dist/esm/icons/folder-git.js.map,2025-10-08T22:12:14.431063
bitten-ui/node_modules/lucide-react/dist/esm/icons/fold-vertical.js.map,file,OLD,3840,archive_v1/bitten-ui/node_modules/lucide-react/dist/esm/icons/fold-vertical.js.map,2025-10-08T22:12:14.431131
bitten-ui/node_modules/lucide-react/dist/esm/icons/folder-key.js,file,OLD,730,archive_v1/bitten-ui/node_modules/lucide-react/dist/esm/icons/folder-key.js,2025-10-08T22:12:14.431202
bitten-ui/node_modules/lucide-react/dist/esm/icons/door-closed-locked.js.map,file,LOCKED,3572,archive_v1/bitten-ui/node_modules/lucide-react/dist/esm/icons/door-closed-locked.js.map,2025-10-08T22:12:14.431273
bitten-ui/node_modules/lucide-react/dist/esm/icons/folders.js,file,OLD,687,archive_v1/bitten-ui/node_modules/lucide-react/dist/esm/icons/folders.js,2025-10-08T22:12:14.431348
bitten-ui/node_modules/lucide-react/dist/esm/icons/folder-open-dot.js,file,OLD,724,archive_v1/bitten-ui/node_modules/lucide-react/dist/esm/icons/folder-open-dot.js,2025-10-08T22:12:14.431419
bitten-ui/node_modules/lucide-react/dist/esm/icons/archive.js.map,file,ARCHIVE,2734,archive_v1/bitten-ui/node_modules/lucide-react/dist/esm/icons/archive.js.map,2025-10-08T22:12:14.431491
bitten-ui/node_modules/lucide-react/dist/esm/icons/folder-output.js.map,file,OLD,3334,archive_v1/bitten-ui/node_modules/lucide-react/dist/esm/icons/folder-output.js.map,2025-10-08T22:12:14.431563
bitten-ui/node_modules/lucide-react/dist/esm/icons/database-backup.js,file,BACKUP,851,archive_v1/bitten-ui/node_modules/lucide-react/dist/esm/icons/database-backup.js,2025-10-08T22:12:14.431639
bitten-ui/node_modules/lucide-react/dist/esm/icons/folder-tree.js.map,file,OLD,4681,archive_v1/bitten-ui/node_modules/lucide-react/dist/esm/icons/folder-tree.js.map,2025-10-08T22:12:14.431846
bitten-ui/node_modules/lucide-react/dist/esm/icons/folder-open.js.map,file,OLD,3118,archive_v1/bitten-ui/node_modules/lucide-react/dist/esm/icons/folder-open.js.map,2025-10-08T22:12:14.431962
bitten-ui/node_modules/lucide-react/dist/esm/icons/folder-tree.js,file,OLD,889,archive_v1/bitten-ui/node_modules/lucide-react/dist/esm/icons/folder-tree.js,2025-10-08T22:12:14.432038
bitten-ui/node_modules/lucide-react/dist/esm/icons/folder-cog-2.js.map,file,OLD,103,archive_v1/bitten-ui/node_modules/lucide-react/dist/esm/icons/folder-cog-2.js.map,2025-10-08T22:12:14.432114
bitten-ui/node_modules/lucide-react/dist/esm/icons/folder-closed.js.map,file,OLD,2994,archive_v1/bitten-ui/node_modules/lucide-react/dist/esm/icons/folder-closed.js.map,2025-10-08T22:12:14.432185
bitten-ui/node_modules/lucide-react/dist/esm/icons/folder-cog.js,file,OLD,1120,archive_v1/bitten-ui/node_modules/lucide-react/dist/esm/icons/folder-cog.js,2025-10-08T22:12:14.432257
bitten-ui/node_modules/lucide-react/dist/esm/icons/folder-x.js,file,OLD,679,archive_v1/bitten-ui/node_modules/lucide-react/dist/esm/icons/folder-x.js,2025-10-08T22:12:14.432326
bitten-ui/node_modules/lucide-react/dist/esm/icons/folder-lock.js.map,file,OLD,3535,archive_v1/bitten-ui/node_modules/lucide-react/dist/esm/icons/folder-lock.js.map,2025-10-08T22:12:14.432395
bitten-ui/node_modules/lucide-react/dist/esm/icons/folder-key.js.map,file,OLD,3524,archive_v1/bitten-ui/node_modules/lucide-react/dist/esm/icons/folder-key.js.map,2025-10-08T22:12:14.432514
bitten-ui/node_modules/lucide-react/dist/esm/icons/calendar-fold.js.map,file,OLD,3371,archive_v1/bitten-ui/node_modules/lucide-react/dist/esm/icons/calendar-fold.js.map,2025-10-08T22:12:14.432589
bitten-ui/node_modules/lucide-react/dist/esm/icons/folder-edit.js,file,OLD,257,archive_v1/bitten-ui/node_modules/lucide-react/dist/esm/icons/folder-edit.js,2025-10-08T22:12:14.432700
bitten-ui/node_modules/lucide-react/dist/esm/icons/folder-search-2.js,file,OLD,723,archive_v1/bitten-ui/node_modules/lucide-react/dist/esm/icons/folder-search-2.js,2025-10-08T22:12:14.432777
bitten-ui/node_modules/lucide-react/dist/esm/icons/folder-plus.js,file,OLD,679,archive_v1/bitten-ui/node_modules/lucide-react/dist/esm/icons/folder-plus.js,2025-10-08T22:12:14.432843
bitten-ui/node_modules/lucide-react/dist/esm/icons/folder-sync.js.map,file,OLD,4145,archive_v1/bitten-ui/node_modules/lucide-react/dist/esm/icons/folder-sync.js.map,2025-10-08T22:12:14.432919
bitten-ui/node_modules/lucide-react/dist/esm/icons/door-closed-locked.js,file,LOCKED,747,archive_v1/bitten-ui/node_modules/lucide-react/dist/esm/icons/door-closed-locked.js,2025-10-08T22:12:14.432994
bitten-ui/node_modules/lucide-react/dist/esm/icons/folder-search.js.map,file,OLD,3303,archive_v1/bitten-ui/node_modules/lucide-react/dist/esm/icons/folder-search.js.map,2025-10-08T22:12:14.433061
bitten-ui/node_modules/lucide-react/dist/esm/icons/folder-cog-2.js,file,OLD,258,archive_v1/bitten-ui/node_modules/lucide-react/dist/esm/icons/folder-cog-2.js,2025-10-08T22:12:14.433125
bitten-ui/node_modules/lucide-react/dist/esm/icons/folder-sync.js,file,OLD,815,archive_v1/bitten-ui/node_modules/lucide-react/dist/esm/icons/folder-sync.js,2025-10-08T22:12:14.433190
bitten-ui/node_modules/lucide-react/dist/esm/icons/folder-down.js.map,file,OLD,3299,archive_v1/bitten-ui/node_modules/lucide-react/dist/esm/icons/folder-down.js.map,2025-10-08T22:12:14.433256
bitten-ui/node_modules/lucide-react/dist/esm/icons/database-backup.js.map,file,BACKUP,4274,archive_v1/bitten-ui/node_modules/lucide-react/dist/esm/icons/database-backup.js.map,2025-10-08T22:12:14.433325
bitten-ui/node_modules/lucide-react/dist/esm/icons/folder-minus.js,file,OLD,637,archive_v1/bitten-ui/node_modules/lucide-react/dist/esm/icons/folder-minus.js,2025-10-08T22:12:14.433401
bitten-ui/node_modules/lucide-react/dist/esm/icons/folder.js.map,file,OLD,2627,archive_v1/bitten-ui/node_modules/lucide-react/dist/esm/icons/folder.js.map,2025-10-08T22:12:14.433470
bitten-ui/node_modules/lucide-react/dist/esm/icons/folder-output.js,file,OLD,695,archive_v1/bitten-ui/node_modules/lucide-react/dist/esm/icons/folder-output.js,2025-10-08T22:12:14.433537
bitten-ui/node_modules/lucide-react/dist/esm/icons/folder-x.js.map,file,OLD,3302,archive_v1/bitten-ui/node_modules/lucide-react/dist/esm/icons/folder-x.js.map,2025-10-08T22:12:14.433606
bitten-ui/node_modules/lucide-react/dist/esm/icons/file-archive.js,file,ARCHIVE,790,archive_v1/bitten-ui/node_modules/lucide-react/dist/esm/icons/file-archive.js,2025-10-08T22:12:14.433676
bitten-ui/node_modules/lucide-react/dist/esm/icons/unfold-vertical.js.map,file,OLD,3865,archive_v1/bitten-ui/node_modules/lucide-react/dist/esm/icons/unfold-vertical.js.map,2025-10-08T22:12:14.433744
bitten-ui/node_modules/lucide-react/dist/esm/icons/fold-vertical.js,file,OLD,792,archive_v1/bitten-ui/node_modules/lucide-react/dist/esm/icons/fold-vertical.js,2025-10-08T22:12:14.433818
bitten-ui/node_modules/lucide-react/dist/esm/icons/folder-pen.js.map,file,OLD,3893,archive_v1/bitten-ui/node_modules/lucide-react/dist/esm/icons/folder-pen.js.map,2025-10-08T22:12:14.433888
bitten-ui/node_modules/lucide-react/dist/esm/icons/folder.js,file,OLD,570,archive_v1/bitten-ui/node_modules/lucide-react/dist/esm/icons/folder.js,2025-10-08T22:12:14.433962
bitten-ui/node_modules/lucide-react/dist/esm/icons/folder-search-2.js.map,file,OLD,3442,archive_v1/bitten-ui/node_modules/lucide-react/dist/esm/icons/folder-search-2.js.map,2025-10-08T22:12:14.434061
bitten-ui/node_modules/lucide-react/dist/esm/icons/folder-code.js.map,file,OLD,3426,archive_v1/bitten-ui/node_modules/lucide-react/dist/esm/icons/folder-code.js.map,2025-10-08T22:12:14.434134
bitten-ui/node_modules/lucide-react/dist/esm/icons/folder-edit.js.map,file,OLD,102,archive_v1/bitten-ui/node_modules/lucide-react/dist/esm/icons/folder-edit.js.map,2025-10-08T22:12:14.434201
bitten-ui/node_modules/lucide-react/dist/esm/icons/archive-x.js,file,ARCHIVE,654,archive_v1/bitten-ui/node_modules/lucide-react/dist/esm/icons/archive-x.js,2025-10-08T22:12:14.434272
bitten-ui/node_modules/lucide-react/dist/esm/icons/folder-up.js.map,file,OLD,3269,archive_v1/bitten-ui/node_modules/lucide-react/dist/esm/icons/folder-up.js.map,2025-10-08T22:12:14.434340
bitten-ui/node_modules/lucide-react/dist/esm/icons/folder-symlink.js.map,file,OLD,3194,archive_v1/bitten-ui/node_modules/lucide-react/dist/esm/icons/folder-symlink.js.map,2025-10-08T22:12:14.434407
bitten-ui/node_modules/lucide-react/dist/esm/icons/folder-git-2.js,file,OLD,759,archive_v1/bitten-ui/node_modules/lucide-react/dist/esm/icons/folder-git-2.js,2025-10-08T22:12:14.434475
bitten-ui/node_modules/lucide-react/dist/esm/icons/folder-open.js,file,OLD,647,archive_v1/bitten-ui/node_modules/lucide-react/dist/esm/icons/folder-open.js,2025-10-08T22:12:14.434546
bitten-ui/node_modules/lucide-react/dist/esm/icons/bold.js.map,file,OLD,1818,archive_v1/bitten-ui/node_modules/lucide-react/dist/esm/icons/bold.js.map,2025-10-08T22:12:14.434615
bitten-ui/node_modules/lucide-react/dist/esm/icons/unfold-vertical.js,file,OLD,800,archive_v1/bitten-ui/node_modules/lucide-react/dist/esm/icons/unfold-vertical.js,2025-10-08T22:12:14.434685
bitten-ui/node_modules/lucide-react/dist/esm/icons/archive-restore.js,file,ARCHIVE,723,archive_v1/bitten-ui/node_modules/lucide-react/dist/esm/icons/archive-restore.js,2025-10-08T22:12:14.434761
bitten-ui/node_modules/lucide-react/dist/esm/icons/folder-archive.js.map,file,ARCHIVE,3699,archive_v1/bitten-ui/node_modules/lucide-react/dist/esm/icons/folder-archive.js.map,2025-10-08T22:12:14.434827
bitten-ui/node_modules/lucide-react/dist/esm/icons/folder-minus.js.map,file,OLD,2976,archive_v1/bitten-ui/node_modules/lucide-react/dist/esm/icons/folder-minus.js.map,2025-10-08T22:12:14.434895
bitten-ui/node_modules/lucide-react/dist/esm/icons/folder-archive.js,file,ARCHIVE,763,archive_v1/bitten-ui/node_modules/lucide-react/dist/esm/icons/folder-archive.js,2025-10-08T22:12:14.434960
bitten-ui/node_modules/lucide-react/dist/esm/icons/fold-horizontal.js,file,OLD,796,archive_v1/bitten-ui/node_modules/lucide-react/dist/esm/icons/fold-horizontal.js,2025-10-08T22:12:14.435026
bitten-ui/node_modules/lucide-react/dist/esm/icons/bold.js,file,OLD,497,archive_v1/bitten-ui/node_modules/lucide-react/dist/esm/icons/bold.js,2025-10-08T22:12:14.435099
bitten-ui/node_modules/lucide-react/dist/esm/icons/folder-check.js.map,file,OLD,3021,archive_v1/bitten-ui/node_modules/lucide-react/dist/esm/icons/folder-check.js.map,2025-10-08T22:12:14.435164
bitten-ui/node_modules/lucide-react/dist/esm/icons/folder-kanban.js.map,file,OLD,3586,archive_v1/bitten-ui/node_modules/lucide-react/dist/esm/icons/folder-kanban.js.map,2025-10-08T22:12:14.435229
bitten-ui/node_modules/lucide-react/dist/esm/icons/folder-up.js,file,OLD,677,archive_v1/bitten-ui/node_modules/lucide-react/dist/esm/icons/folder-up.js,2025-10-08T22:12:14.435299
bitten-ui/node_modules/lucide-react/dist/esm/icons/folder-root.js,file,OLD,699,archive_v1/bitten-ui/node_modules/lucide-react/dist/esm/icons/folder-root.js,2025-10-08T22:12:14.435367
bitten-ui/node_modules/lucide-react/dist/esm/icons/folder-down.js,file,OLD,686,archive_v1/bitten-ui/node_modules/lucide-react/dist/esm/icons/folder-down.js,2025-10-08T22:12:14.435434
bitten-ui/node_modules/lucide-react/dist/esm/icons/folder-plus.js.map,file,OLD,3248,archive_v1/bitten-ui/node_modules/lucide-react/dist/esm/icons/folder-plus.js.map,2025-10-08T22:12:14.435510
bitten-ui/node_modules/lucide-react/dist/esm/icons/folder-check.js,file,OLD,643,archive_v1/bitten-ui/node_modules/lucide-react/dist/esm/icons/folder-check.js,2025-10-08T22:12:14.435612
bitten-ui/node_modules/lucide-react/dist/esm/icons/unfold-horizontal.js.map,file,OLD,3852,archive_v1/bitten-ui/node_modules/lucide-react/dist/esm/icons/unfold-horizontal.js.map,2025-10-08T22:12:14.435843
bitten-ui/node_modules/lucide-react/dist/esm/icons/unfold-horizontal.js,file,OLD,803,archive_v1/bitten-ui/node_modules/lucide-react/dist/esm/icons/unfold-horizontal.js,2025-10-08T22:12:14.436210
bitten-ui/node_modules/lucide-react/dist/esm/icons/file-archive.js.map,file,ARCHIVE,3521,archive_v1/bitten-ui/node_modules/lucide-react/dist/esm/icons/file-archive.js.map,2025-10-08T22:12:14.436334
bitten-ui/node_modules/lucide-react/dist/esm/icons/folder-dot.js,file,OLD,649,archive_v1/bitten-ui/node_modules/lucide-react/dist/esm/icons/folder-dot.js,2025-10-08T22:12:14.436528
bitten-ui/node_modules/lucide-react/dist/esm/icons/folder-clock.js.map,file,OLD,3257,archive_v1/bitten-ui/node_modules/lucide-react/dist/esm/icons/folder-clock.js.map,2025-10-08T22:12:14.436629
bitten-ui/node_modules/lucide-react/dist/esm/icons/folder-kanban.js,file,OLD,737,archive_v1/bitten-ui/node_modules/lucide-react/dist/esm/icons/folder-kanban.js,2025-10-08T22:12:14.436720
bitten-ui/node_modules/lucide-react/dist/esm/icons/folder-heart.js,file,OLD,752,archive_v1/bitten-ui/node_modules/lucide-react/dist/esm/icons/folder-heart.js,2025-10-08T22:12:14.436807
bitten-ui/node_modules/lucide-react/dist/esm/icons/folder-input.js,file,OLD,690,archive_v1/bitten-ui/node_modules/lucide-react/dist/esm/icons/folder-input.js,2025-10-08T22:12:14.436878
bitten-ui/node_modules/lucide-react/dist/esm/icons/calendar-fold.js,file,OLD,707,archive_v1/bitten-ui/node_modules/lucide-react/dist/esm/icons/calendar-fold.js,2025-10-08T22:12:14.436954
bitten-ui/node_modules/lucide-react/dist/esm/icons/archive.js,file,ARCHIVE,596,archive_v1/bitten-ui/node_modules/lucide-react/dist/esm/icons/archive.js,2025-10-08T22:12:14.437058
bitten-ui/node_modules/lucide-react/dist/esm/icons/folder-heart.js.map,file,OLD,3764,archive_v1/bitten-ui/node_modules/lucide-react/dist/esm/icons/folder-heart.js.map,2025-10-08T22:12:14.437131
bitten-ui/node_modules/lucide-react/dist/esm/icons/folder-root.js.map,file,OLD,3328,archive_v1/bitten-ui/node_modules/lucide-react/dist/esm/icons/folder-root.js.map,2025-10-08T22:12:14.437207
bitten-ui/node_modules/lucide-react/dist/esm/icons/archive-x.js.map,file,ARCHIVE,3084,archive_v1/bitten-ui/node_modules/lucide-react/dist/esm/icons/archive-x.js.map,2025-10-08T22:12:14.437277
bitten-ui/node_modules/lucide-react/dist/esm/icons/fold-horizontal.js.map,file,OLD,3833,archive_v1/bitten-ui/node_modules/lucide-react/dist/esm/icons/fold-horizontal.js.map,2025-10-08T22:12:14.437347
bitten-ui/node_modules/lucide-react/dist/esm/icons/folder-clock.js,file,OLD,689,archive_v1/bitten-ui/node_modules/lucide-react/dist/esm/icons/folder-clock.js,2025-10-08T22:12:14.437425
bitten-ui/node_modules/lucide-react/dist/esm/icons/folder-cog.js.map,file,OLD,6092,archive_v1/bitten-ui/node_modules/lucide-react/dist/esm/icons/folder-cog.js.map,2025-10-08T22:12:14.437492
bitten-ui/node_modules/lucide-react/dist/esm/icons/folder-open-dot.js.map,file,OLD,3523,archive_v1/bitten-ui/node_modules/lucide-react/dist/esm/icons/folder-open-dot.js.map,2025-10-08T22:12:14.437565
bitten-ui/node_modules/lucide-react/dist/esm/icons/folder-closed.js,file,OLD,642,archive_v1/bitten-ui/node_modules/lucide-react/dist/esm/icons/folder-closed.js,2025-10-08T22:12:14.437635
bitten-ui/node_modules/lucide-react/dist/esm/icons/folder-search.js,file,OLD,698,archive_v1/bitten-ui/node_modules/lucide-react/dist/esm/icons/folder-search.js,2025-10-08T22:12:14.437711
bitten-ui/node_modules/lucide-react/dist/esm/icons/folder-git.js,file,OLD,736,archive_v1/bitten-ui/node_modules/lucide-react/dist/esm/icons/folder-git.js,2025-10-08T22:12:14.437785
bitten-ui/node_modules/lucide-react/dist/esm/icons/folders.js.map,file,OLD,3078,archive_v1/bitten-ui/node_modules/lucide-react/dist/esm/icons/folders.js.map,2025-10-08T22:12:14.437859
bitten-ui/node_modules/lucide-react/dist/esm/icons/folder-dot.js.map,file,OLD,3046,archive_v1/bitten-ui/node_modules/lucide-react/dist/esm/icons/folder-dot.js.map,2025-10-08T22:12:14.437939
bitten-ui/node_modules/lucide-react/dist/esm/icons/folder-git-2.js.map,file,OLD,3663,archive_v1/bitten-ui/node_modules/lucide-react/dist/esm/icons/folder-git-2.js.map,2025-10-08T22:12:14.438038
bitten-ui/node_modules/es-abstract/2016/SymbolDescriptiveString.js,file,OLD,434,archive_v1/bitten-ui/node_modules/es-abstract/2016/SymbolDescriptiveString.js,2025-10-08T22:12:14.438190
bitten-ui/node_modules/es-abstract/2024/SymbolDescriptiveString.js,file,OLD,434,archive_v1/bitten-ui/node_modules/es-abstract/2024/SymbolDescriptiveString.js,2025-10-08T22:12:14.438303
bitten-ui/node_modules/es-abstract/2023/SymbolDescriptiveString.js,file,OLD,434,archive_v1/bitten-ui/node_modules/es-abstract/2023/SymbolDescriptiveString.js,2025-10-08T22:12:14.438404
bitten-ui/node_modules/es-abstract/2025/SymbolDescriptiveString.js,file,OLD,434,archive_v1/bitten-ui/node_modules/es-abstract/2025/SymbolDescriptiveString.js,2025-10-08T22:12:14.438501
bitten-ui/node_modules/es-abstract/2019/SymbolDescriptiveString.js,file,OLD,434,archive_v1/bitten-ui/node_modules/es-abstract/2019/SymbolDescriptiveString.js,2025-10-08T22:12:14.438610
bitten-ui/node_modules/es-abstract/2021/SymbolDescriptiveString.js,file,OLD,434,archive_v1/bitten-ui/node_modules/es-abstract/2021/SymbolDescriptiveString.js,2025-10-08T22:12:14.438707
bitten-ui/node_modules/es-abstract/2017/SymbolDescriptiveString.js,file,OLD,434,archive_v1/bitten-ui/node_modules/es-abstract/2017/SymbolDescriptiveString.js,2025-10-08T22:12:14.438806
bitten-ui/node_modules/es-abstract/helpers/getSymbolDescription.js,file,OLD,97,archive_v1/bitten-ui/node_modules/es-abstract/helpers/getSymbolDescription.js,2025-10-08T22:12:14.438903
bitten-ui/node_modules/es-abstract/helpers/caseFolding.json,file,OLD,22346,archive_v1/bitten-ui/node_modules/es-abstract/helpers/caseFolding.json,2025-10-08T22:12:14.438974
bitten-ui/node_modules/es-abstract/2018/SymbolDescriptiveString.js,file,OLD,434,archive_v1/bitten-ui/node_modules/es-abstract/2018/SymbolDescriptiveString.js,2025-10-08T22:12:14.439070
bitten-ui/node_modules/es-abstract/2015/SymbolDescriptiveString.js,file,OLD,434,archive_v1/bitten-ui/node_modules/es-abstract/2015/SymbolDescriptiveString.js,2025-10-08T22:12:14.439162
bitten-ui/node_modules/es-abstract/2020/SymbolDescriptiveString.js,file,OLD,434,archive_v1/bitten-ui/node_modules/es-abstract/2020/SymbolDescriptiveString.js,2025-10-08T22:12:14.439254
bitten-ui/node_modules/es-abstract/2022/SymbolDescriptiveString.js,file,OLD,434,archive_v1/bitten-ui/node_modules/es-abstract/2022/SymbolDescriptiveString.js,2025-10-08T22:12:14.439348
bitten-ui/node_modules/framer-motion/dist/es/context/DeprecatedLayoutGroupContext.mjs,file,DEPRECATED,250,archive_v1/bitten-ui/node_modules/framer-motion/dist/es/context/DeprecatedLayoutGroupContext.mjs,2025-10-08T22:12:14.439637
bitten-ui/node_modules/ignore/legacy.js,file,LEGACY,20754,archive_v1/bitten-ui/node_modules/ignore/legacy.js,2025-10-08T22:12:14.439747
bitten-ui/node_modules/eslint-plugin-import/lib/rules/no-deprecated.js,file,DEPRECATED,16909,archive_v1/bitten-ui/node_modules/eslint-plugin-import/lib/rules/no-deprecated.js,2025-10-08T22:12:14.439922
bitten-ui/node_modules/eslint-plugin-import/docs/rules/no-deprecated.md,file,DEPRECATED,1478,archive_v1/bitten-ui/node_modules/eslint-plugin-import/docs/rules/no-deprecated.md,2025-10-08T22:12:14.440062
bitten-ui/node_modules/motion-dom/dist/es/frameloop/index-legacy.mjs,file,LEGACY,390,archive_v1/bitten-ui/node_modules/motion-dom/dist/es/frameloop/index-legacy.mjs,2025-10-08T22:12:14.440259
bitten-ui/node_modules/@typescript-eslint/utils/dist/ts-eslint/eslint/LegacyESLint.d.ts,file,LEGACY,3571,archive_v1/bitten-ui/node_modules/@typescript-eslint/utils/dist/ts-eslint/eslint/LegacyESLint.d.ts,2025-10-08T22:12:14.440544
bitten-ui/node_modules/@typescript-eslint/utils/dist/ts-eslint/eslint/LegacyESLint.js,file,LEGACY,593,archive_v1/bitten-ui/node_modules/@typescript-eslint/utils/dist/ts-eslint/eslint/LegacyESLint.js,2025-10-08T22:12:14.440627
bitten-ui/node_modules/@typescript-eslint/utils/dist/ts-eslint/eslint/LegacyESLint.d.ts.map,file,LEGACY,1314,archive_v1/bitten-ui/node_modules/@typescript-eslint/utils/dist/ts-eslint/eslint/LegacyESLint.d.ts.map,2025-10-08T22:12:14.440717
bitten-ui/node_modules/@typescript-eslint/eslint-plugin/node_modules/ignore/legacy.js,file,LEGACY,24711,archive_v1/bitten-ui/node_modules/@typescript-eslint/eslint-plugin/node_modules/ignore/legacy.js,2025-10-08T22:12:14.440941
bitten-ui/node_modules/@typescript-eslint/eslint-plugin/dist/rules/no-deprecated.js,file,DEPRECATED,18193,archive_v1/bitten-ui/node_modules/@typescript-eslint/eslint-plugin/dist/rules/no-deprecated.js,2025-10-08T22:12:14.441094
bitten-ui/node_modules/@typescript-eslint/eslint-plugin/dist/rules/no-deprecated.d.ts.map,file,DEPRECATED,311,archive_v1/bitten-ui/node_modules/@typescript-eslint/eslint-plugin/dist/rules/no-deprecated.d.ts.map,2025-10-08T22:12:14.441174
bitten-ui/node_modules/@typescript-eslint/eslint-plugin/dist/rules/no-deprecated.d.ts,file,DEPRECATED,451,archive_v1/bitten-ui/node_modules/@typescript-eslint/eslint-plugin/dist/rules/no-deprecated.d.ts,2025-10-08T22:12:14.441247
bitten-ui/node_modules/@typescript-eslint/scope-manager/dist/lib/decorators.legacy.js,file,LEGACY,602,archive_v1/bitten-ui/node_modules/@typescript-eslint/scope-manager/dist/lib/decorators.legacy.js,2025-10-08T22:12:14.441416
bitten-ui/node_modules/@typescript-eslint/scope-manager/dist/lib/decorators.legacy.d.ts,file,LEGACY,152,archive_v1/bitten-ui/node_modules/@typescript-eslint/scope-manager/dist/lib/decorators.legacy.d.ts,2025-10-08T22:12:14.441499
bitten-ui/node_modules/@typescript-eslint/scope-manager/dist/lib/decorators.legacy.d.ts.map,file,LEGACY,218,archive_v1/bitten-ui/node_modules/@typescript-eslint/scope-manager/dist/lib/decorators.legacy.d.ts.map,2025-10-08T22:12:14.441571
bitten-ui/node_modules/next/dist/compiled/react-dom-experimental/cjs/react-dom-server-legacy.node.production.js,file,LEGACY,269844,archive_v1/bitten-ui/node_modules/next/dist/compiled/react-dom-experimental/cjs/react-dom-server-legacy.node.production.js,2025-10-08T22:12:14.441743
bitten-ui/node_modules/next/dist/compiled/react-dom-experimental/cjs/react-dom-server-legacy.node.development.js,file,LEGACY,424731,archive_v1/bitten-ui/node_modules/next/dist/compiled/react-dom-experimental/cjs/react-dom-server-legacy.node.development.js,2025-10-08T22:12:14.441818
bitten-ui/node_modules/next/dist/compiled/react-dom-experimental/cjs/react-dom-server-legacy.browser.production.js,file,LEGACY,264304,archive_v1/bitten-ui/node_modules/next/dist/compiled/react-dom-experimental/cjs/react-dom-server-legacy.browser.production.js,2025-10-08T22:12:14.441886
bitten-ui/node_modules/next/dist/compiled/react-dom-experimental/cjs/react-dom-server-legacy.browser.development.js,file,LEGACY,424734,archive_v1/bitten-ui/node_modules/next/dist/compiled/react-dom-experimental/cjs/react-dom-server-legacy.browser.development.js,2025-10-08T22:12:14.442138
bitten-ui/node_modules/next/dist/compiled/react-dom/cjs/react-dom-server-legacy.node.production.js,file,LEGACY,238812,archive_v1/bitten-ui/node_modules/next/dist/compiled/react-dom/cjs/react-dom-server-legacy.node.production.js,2025-10-08T22:12:14.442288
bitten-ui/node_modules/next/dist/compiled/react-dom/cjs/react-dom-server-legacy.node.development.js,file,LEGACY,390460,archive_v1/bitten-ui/node_modules/next/dist/compiled/react-dom/cjs/react-dom-server-legacy.node.development.js,2025-10-08T22:12:14.442364
bitten-ui/node_modules/next/dist/compiled/react-dom/cjs/react-dom-server-legacy.browser.production.js,file,LEGACY,234199,archive_v1/bitten-ui/node_modules/next/dist/compiled/react-dom/cjs/react-dom-server-legacy.browser.production.js,2025-10-08T22:12:14.442432
bitten-ui/node_modules/next/dist/compiled/react-dom/cjs/react-dom-server-legacy.browser.development.js,file,LEGACY,390463,archive_v1/bitten-ui/node_modules/next/dist/compiled/react-dom/cjs/react-dom-server-legacy.browser.development.js,2025-10-08T22:12:14.442845
bitten-ui/node_modules/react-dom/cjs/react-dom-server-legacy.node.production.js,file,LEGACY,215490,archive_v1/bitten-ui/node_modules/react-dom/cjs/react-dom-server-legacy.node.production.js,2025-10-08T22:12:14.443441
bitten-ui/node_modules/react-dom/cjs/react-dom-server-legacy.node.development.js,file,LEGACY,362328,archive_v1/bitten-ui/node_modules/react-dom/cjs/react-dom-server-legacy.node.development.js,2025-10-08T22:12:14.443549
bitten-ui/node_modules/react-dom/cjs/react-dom-server-legacy.browser.production.js,file,LEGACY,210975,archive_v1/bitten-ui/node_modules/react-dom/cjs/react-dom-server-legacy.browser.production.js,2025-10-08T22:12:14.443622
bitten-ui/node_modules/react-dom/cjs/react-dom-server-legacy.browser.development.js,file,LEGACY,362331,archive_v1/bitten-ui/node_modules/react-dom/cjs/react-dom-server-legacy.browser.development.js,2025-10-08T22:12:14.443696
bitten-ui/node_modules/eslint-plugin-react/lib/rules/no-deprecated.js,file,DEPRECATED,9961,archive_v1/bitten-ui/node_modules/eslint-plugin-react/lib/rules/no-deprecated.js,2025-10-08T22:12:14.443876
bitten-ui/node_modules/eslint-plugin-react/lib/rules/no-deprecated.d.ts.map,file,DEPRECATED,149,archive_v1/bitten-ui/node_modules/eslint-plugin-react/lib/rules/no-deprecated.d.ts.map,2025-10-08T22:12:14.443954
bitten-ui/node_modules/eslint-plugin-react/lib/rules/no-deprecated.d.ts,file,DEPRECATED,120,archive_v1/bitten-ui/node_modules/eslint-plugin-react/lib/rules/no-deprecated.d.ts,2025-10-08T22:12:14.444029
bitten-ui/node_modules/graceful-fs/legacy-streams.js,file,LEGACY,2655,archive_v1/bitten-ui/node_modules/graceful-fs/legacy-streams.js,2025-10-08T22:12:14.444137
bitten-ui/node_modules/caniuse-lite/data/features/css-placeholder-shown.js,file,OLD,1971,archive_v1/bitten-ui/node_modules/caniuse-lite/data/features/css-placeholder-shown.js,2025-10-08T22:12:14.444339
bitten-ui/node_modules/caniuse-lite/data/features/css-placeholder.js,file,OLD,1987,archive_v1/bitten-ui/node_modules/caniuse-lite/data/features/css-placeholder.js,2025-10-08T22:12:14.444463
bitten-ui/node_modules/caniuse-lite/data/features/input-placeholder.js,file,OLD,1931,archive_v1/bitten-ui/node_modules/caniuse-lite/data/features/input-placeholder.js,2025-10-08T22:12:14.444554
bitten-ui/.next/cache/webpack/server-production/index.pack.old,file,OLD,8811596,archive_v1/bitten-ui/.next/cache/webpack/server-production/index.pack.old,2025-10-08T22:12:14.444744
bitten-ui/.next/cache/webpack/client-production/index.pack.old,file,OLD,7539116,archive_v1/bitten-ui/.next/cache/webpack/client-production/index.pack.old,2025-10-08T22:12:14.444845
bitten-ui/components/bitten/MissionBrief.tsx.old,file,OLD,11165,archive_v1/bitten-ui/components/bitten/MissionBrief.tsx.old,2025-10-08T22:12:14.444974
landing/index_v2.html,file,_v[0-9]+,28480,archive_v1/landing/index_v2.html,2025-10-08T22:12:14.445106
bitten/data/shepherd/apex_v5_config.json,file,_v[0-9]+,462,archive_v1/bitten/data/shepherd/apex_v5_config.json,2025-10-08T22:12:14.445288
config/trading_pairs_v5.yml,file,_v[0-9]+,12119,archive_v1/config/trading_pairs_v5.yml,2025-10-08T22:12:14.445390
artifacts/20250928/HYDRASOCKET_V1_PRODUCTION_READY.md,file,_v[0-9]+,4020,archive_v1/artifacts/20250928/HYDRASOCKET_V1_PRODUCTION_READY.md,2025-10-08T22:12:14.445524
src/bitten_core/onboarding/press_pass_manager_v2.py,file,_v[0-9]+,20538,archive_v1/src/bitten_core/onboarding/press_pass_manager_v2.py,2025-10-08T22:12:14.445678
src/bitten_core/onboarding/__pycache__/press_pass_manager_v2.cpython-310.pyc,file,_v[0-9]+,14826,archive_v1/src/bitten_core/onboarding/__pycache__/press_pass_manager_v2.cpython-310.pyc,2025-10-08T22:12:14.445776
src/metasocket/subscriptions_v2.py,file,_v[0-9]+,12523,archive_v1/src/metasocket/subscriptions_v2.py,2025-10-08T22:12:14.445879
src/metasocket/backfill_v2.py,file,_v[0-9]+,15273,archive_v1/src/metasocket/backfill_v2.py,2025-10-08T22:12:14.445949
logs/gold_dm_log.jsonl,file,OLD,495,archive_v1/logs/gold_dm_log.jsonl,2025-10-08T22:12:14.446069
logs/core_relay_error.log.1-2025081221.backup,file,BACKUP,325812,archive_v1/logs/core_relay_error.log.1-2025081221.backup,2025-10-08T22:12:14.446138
logs/bitmode_v2_autofire.jsonl,file,_v[0-9]+,331842,archive_v1/logs/bitmode_v2_autofire.jsonl,2025-10-08T22:12:14.446198
tests/test_bitmode_v2.py,file,_v[0-9]+,15164,archive_v1/tests/test_bitmode_v2.py,2025-10-08T22:12:14.446297
tests/__pycache__/test_bitmode_v2.cpython-310-pytest-8.4.1.pyc,file,_v[0-9]+,11296,archive_v1/tests/__pycache__/test_bitmode_v2.cpython-310-pytest-8.4.1.pyc,2025-10-08T22:12:14.446393
EA_PRODUCTION/EA_BITTEN_v3.005_PRODUCTION.mq5,file,_v[0-9]+,30347,archive_v1/EA_PRODUCTION/EA_BITTEN_v3.005_PRODUCTION.mq5,2025-10-08T22:12:14.447156
ml_models/crypto_ml_model_v1.0.0.pkl,file,_v[0-9]+,408246,archive_v1/ml_models/crypto_ml_model_v1.0.0.pkl,2025-10-08T22:12:14.447250
tools/telegram_broadcaster_alerts.py.backup,file,BACKUP,6277,archive_v1/tools/telegram_broadcaster_alerts.py.backup,2025-10-08T22:12:14.447353
tools/rollback_to_legacy.sh,file,_legacy,295,archive_v1/tools/rollback_to_legacy.sh,2025-10-08T22:12:14.447417
tools/signals_to_alerts.py.backup_20250813_014157,file,BACKUP,1385,archive_v1/tools/signals_to_alerts.py.backup_20250813_014157,2025-10-08T22:12:14.447476
tools/signals_to_alerts.py.backup_20250813_020118,file,BACKUP,3930,archive_v1/tools/signals_to_alerts.py.backup_20250813_020118,2025-10-08T22:12:14.447534
tools/telegram_broadcaster_alerts.py.backup.20250813_024438,file,BACKUP,8805,archive_v1/tools/telegram_broadcaster_alerts.py.backup.20250813_024438,2025-10-08T22:12:14.447596
tools/telegram_broadcaster_alerts.py.backup_20250813_014639,file,BACKUP,5555,archive_v1/tools/telegram_broadcaster_alerts.py.backup_20250813_014639,2025-10-08T22:12:14.447664
tools/winloss_report.py.backup_20250910_213408,file,BACKUP,15286,archive_v1/tools/winloss_report.py.backup_20250910_213408,2025-10-08T22:12:14.447721
tools/telegram_broadcaster_alerts.py.backup_20250813_030923,file,BACKUP,9247,archive_v1/tools/telegram_broadcaster_alerts.py.backup_20250813_030923,2025-10-08T22:12:14.447775
tools/redis_backup.sh,file,_backup,1513,archive_v1/tools/redis_backup.sh,2025-10-08T22:12:14.447830
__pycache__/war_room_ultimate_v2.cpython-310.pyc,file,_v[0-9]+,33256,archive_v1/__pycache__/war_room_ultimate_v2.cpython-310.pyc,2025-10-08T22:12:14.447962
__pycache__/ea_v207_signal_engine.cpython-310.pyc,file,_v[0-9]+,16937,archive_v1/__pycache__/ea_v207_signal_engine.cpython-310.pyc,2025-10-08T22:12:14.448042
__pycache__/confirm_listener_v207.cpython-310.pyc,file,_v[0-9]+,13072,archive_v1/__pycache__/confirm_listener_v207.cpython-310.pyc,2025-10-08T22:12:14.448108
__pycache__/pattern_optimizer_v2.cpython-310.pyc,file,_v[0-9]+,11201,archive_v1/__pycache__/pattern_optimizer_v2.cpython-310.pyc,2025-10-08T22:12:14.448168
__pycache__/coordinate_v207_processes.cpython-310.pyc,file,_v[0-9]+,8914,archive_v1/__pycache__/coordinate_v207_processes.cpython-310.pyc,2025-10-08T22:12:14.448226
__pycache__/webapp_v207_positions.cpython-310.pyc,file,_v[0-9]+,10734,archive_v1/__pycache__/webapp_v207_positions.cpython-310.pyc,2025-10-08T22:12:14.448292
__pycache__/normans_notebook_v2.cpython-310.pyc,file,_v[0-9]+,29575,archive_v1/__pycache__/normans_notebook_v2.cpython-310.pyc,2025-10-08T22:12:14.448349
scripts/backup.sh,file,BACKUP,2585,archive_v1/scripts/backup.sh,2025-10-08T22:12:14.448499
scripts/start_v2_services.sh,file,_v[0-9]+,1307,archive_v1/scripts/start_v2_services.sh,2025-10-08T22:12:14.448567
docs/BITTEN_SYSTEM_ARCHITECTURE_v1.0.md,file,_v[0-9]+,5639,archive_v1/docs/BITTEN_SYSTEM_ARCHITECTURE_v1.0.md,2025-10-08T22:12:14.448663
docs/blueprint/BITTEN_ARCHIVE_RECOVERY_MASTER.md,file,_archive,87,archive_v1/docs/blueprint/BITTEN_ARCHIVE_RECOVERY_MASTER.md,2025-10-08T22:12:14.448767
templates/lesson_placeholder.html,file,OLD,6367,archive_v1/templates/lesson_placeholder.html,2025-10-08T22:12:14.448865
templates/throne_dashboard_old_backup.html,file,_old,127504,archive_v1/templates/throne_dashboard_old_backup.html,2025-10-08T22:12:14.448929
templates/lesson_mission_day_8_old.html,file,_old,14517,archive_v1/templates/lesson_mission_day_8_old.html,2025-10-08T22:12:14.448984
optimized_tracking.jsonl,tracker,jsonl_tracker,144934,archive_v1/optimized_tracking.jsonl,2025-10-08T22:12:14.449102
signal_tracking.jsonl,tracker,jsonl_tracker,51941,archive_v1/signal_tracking.jsonl,2025-10-08T22:12:14.449173
comprehensive_tracking.jsonl,tracker,jsonl_tracker,189901,archive_v1/comprehensive_tracking.jsonl,2025-10-08T22:12:14.449237
logs/core_dm_log.jsonl,tracker,jsonl_tracker,68917,archive_v1/logs/core_dm_log.jsonl,2025-10-08T22:12:14.449319
